Patient_ID,Age,Gender,Country_Region,Year,Genetic_Risk,Air_Pollution,Alcohol_Use,Smoking,Obesity_Level,Cancer_Type,Cancer_Stage,Treatment_Cost_USD,Survival_Years,Target_Severity_Score
PT0000271,52,Male,Pakistan,2020,4.8,3.2,5.6,1.2,4.3,Prostate,Stage II,37743.17,0.3,4.2
PT0001399,67,Male,Canada,2021,0.1,5.8,7.4,7.0,2.3,Cervical,Stage II,87000.51,8.9,3.89
PT0004150,83,Other,Australia,2019,5.7,6.1,7.1,6.5,5.0,Prostate,Stage I,57033.22,1.6,5.78
PT0005140,87,Male,India,2016,8.5,2.8,2.6,5.4,8.1,Leukemia,Stage I,34113.31,3.8,5.72
PT0006338,68,Other,Russia,2015,10.0,2.3,0.2,1.9,1.3,Colon,Stage I,68221.53,5.2,3.52
PT0008369,51,Other,Brazil,2021,9.5,2.0,0.4,8.1,2.6,Breast,Stage IV,52185.73,5.9,5.1
PT0011841,86,Male,Russia,2022,1.8,7.7,4.8,9.8,6.0,Liver,Stage 0,44758.36,9.1,5.9
PT0012363,39,Other,Russia,2024,8.4,4.8,5.2,8.8,3.0,Liver,Stage I,7501.52,7.5,7.09
PT0012649,89,Female,UK,2019,2.5,3.6,5.3,3.5,5.7,Colon,Stage III,57646.3,7.4,3.95
PT0012968,85,Male,China,2023,3.7,9.4,1.6,8.1,0.8,Colon,Stage 0,65825.94,1.7,4.77
PT0014227,75,Male,Pakistan,2017,1.1,9.9,1.3,3.9,9.9,Breast,Stage III,13659.75,8.5,5.4
PT0015055,42,Other,Canada,2020,1.2,6.3,6.5,4.9,1.5,Colon,Stage III,46086.7,4.0,4.37
PT0015301,59,Other,UK,2023,4.1,2.3,6.9,9.5,0.8,Liver,Stage I,46818.75,8.5,5.24
PT0016956,40,Female,UK,2021,4.5,2.3,9.9,0.7,4.3,Prostate,Stage 0,8907.17,7.5,5.12
PT0017844,43,Other,Brazil,2023,4.6,7.2,4.9,7.8,1.8,Cervical,Stage III,23184.17,9.9,6.01
PT0019412,72,Male,Brazil,2015,2.3,0.3,8.3,4.2,2.3,Liver,Stage III,76452.17,5.3,3.29
PT0019602,57,Male,China,2018,4.3,4.8,9.2,0.1,3.5,Cervical,Stage II,51292.42,1.5,4.3
PT0019883,24,Male,Australia,2022,5.7,5.9,5.7,8.8,9.0,Breast,Stage I,39402.06,8.5,6.75
PT0024189,46,Female,Russia,2021,9.4,9.5,9.3,5.3,3.9,Cervical,Stage II,12663.52,9.1,7.9
PT0024647,86,Female,India,2015,2.5,6.0,2.9,9.4,5.6,Liver,Stage IV,91737.51,8.6,4.44
PT0025747,27,Male,India,2024,5.9,9.8,2.6,10.0,2.5,Lung,Stage I,78712.78,6.4,5.72
PT0026128,60,Male,Australia,2023,0.5,7.4,0.6,6.8,1.2,Breast,Stage I,72023.57,5.9,3.34
PT0026351,28,Male,Canada,2019,9.9,2.3,7.9,4.2,7.0,Leukemia,Stage I,47784.26,9.4,6.09
PT0026376,43,Other,Brazil,2017,9.0,4.7,1.0,5.4,6.9,Colon,Stage 0,36460.34,0.5,5.7
PT0029079,22,Male,China,2016,0.2,5.9,6.1,1.5,1.1,Skin,Stage I,67136.77,1.5,2.91
PT0029342,35,Other,Pakistan,2020,6.8,4.1,8.4,6.8,7.6,Skin,Stage II,27771.32,4.2,6.8
PT0030346,67,Female,USA,2016,5.8,1.9,1.6,7.0,2.6,Cervical,Stage II,89434.54,6.9,3.56
PT0031902,34,Female,Pakistan,2024,5.8,0.5,1.0,4.4,0.3,Skin,Stage I,13339.28,3.7,4.03
PT0032104,56,Other,Russia,2021,9.2,9.1,2.8,8.7,7.0,Prostate,Stage 0,54866.25,0.5,6.97
PT0032490,22,Female,Australia,2015,7.9,8.3,1.9,1.8,3.2,Colon,Stage II,64359.04,3.8,4.5
PT0034478,37,Female,Pakistan,2023,8.6,5.2,0.5,0.2,6.5,Lung,Stage 0,65131.22,0.5,3.96
PT0034839,80,Female,China,2015,8.4,0.0,2.8,0.4,9.1,Lung,Stage II,68861.98,3.8,3.71
PT0042460,37,Male,China,2023,7.3,2.3,4.7,9.1,4.3,Breast,Stage III,69989.02,9.2,5.36
PT0042642,70,Other,Germany,2017,9.1,9.5,0.1,0.8,0.1,Skin,Stage 0,43858.48,8.9,4.55
PT0043460,28,Male,USA,2015,7.2,8.2,9.7,7.9,1.0,Lung,Stage III,27942.55,6.8,7.25
PT0044173,84,Male,Pakistan,2015,1.3,1.6,5.6,9.5,3.8,Cervical,Stage IV,11261.69,8.2,5.39
PT0045519,51,Female,Canada,2020,5.6,6.9,7.9,8.6,7.6,Lung,Stage 0,89344.42,3.7,6.03
PT0045580,64,Female,Germany,2023,4.9,7.8,5.3,3.7,5.4,Lung,Stage 0,60598.78,5.6,5.01
PT0046250,54,Male,USA,2023,4.7,9.4,6.2,2.0,2.3,Colon,Stage 0,56435.7,0.1,4.78
PT0046712,59,Male,USA,2021,9.9,0.4,3.3,2.7,0.2,Colon,Stage 0,26273.28,1.2,4.57
