USMER,MEDICAL_UNIT,SEX,PATIENT_TYPE,DATE_DIED,INTUBED,PNEUMONIA,AGE,PREGNANT,DIABETES,COPD,ASTHMA,INMSUPR,HIPERTENSION,OTHER_DISEASE,CARDIOVASCULAR,OBESITY,RENAL_CHRONIC,TOBACCO,CLASIFFICATION_FINAL,ICU,DEATH_STATUS,DEATH_YEAR,DEATH_MONTH,AGE_GROUP,PNEUMONIA_STATUS,DIABETES_STATUS,COPD_STATUS,ASTHMA_STATUS,HYPERTENSION_STATUS,CARDIOVASCULAR_STATUS,OBESITY_STATUS,RENAL_CHRONIC_STATUS,COMORBIDITY_COUNT,CRITICAL_CARE,RISK_CATEGORY,RECOVERY_STATUS,MISSING_VALUE_COUNT
2,12,1,1,9999-99-99,,2.0,60.0,2,1.0,2.0,2.0,2.0,1.0,2.0,2.0,2.0,2.0,2.0,7,,Survived,,,51-60,No,Yes,No,No,Yes,No,No,No,2,Unknown,High,Survived,4
1,12,2,1,9999-99-99,,2.0,52.0,97,1.0,2.0,2.0,2.0,2.0,2.0,2.0,2.0,2.0,2.0,3,,Survived,,,51-60,No,Yes,No,No,No,No,No,No,1,Unknown,Medium,Survived,4
2,4,1,2,24/06/2020,2.0,1.0,50.0,2,2.0,2.0,2.0,2.0,2.0,2.0,2.0,2.0,2.0,2.0,3,2.0,Died,,,41-50,Yes,No,No,No,No,No,No,No,0,No,Medium,Died,2
2,4,2,2,9999-99-99,2.0,2.0,30.0,97,2.0,2.0,2.0,2.0,2.0,2.0,2.0,2.0,2.0,2.0,3,2.0,Survived,,,19-30,No,No,No,No,No,No,No,No,0,No,Low,Survived,2
2,9,1,1,9999-99-99,,2.0,46.0,2,2.0,2.0,2.0,2.0,2.0,2.0,2.0,2.0,2.0,2.0,5,,Survived,,,41-50,No,No,No,No,No,No,No,No,0,Unknown,Medium,Survived,4
2,8,1,1,16/05/2020,,1.0,71.0,2,1.0,2.0,2.0,2.0,1.0,2.0,1.0,1.0,2.0,2.0,2,,Died,,,71-80,Yes,Yes,No,No,Yes,Yes,Yes,No,4,Unknown,High,Died,4
1,12,2,2,19/07/2020,1.0,1.0,75.0,97,1.0,2.0,2.0,2.0,1.0,2.0,2.0,1.0,2.0,2.0,3,2.0,Died,,,71-80,Yes,Yes,No,No,Yes,No,Yes,No,3,Yes,High,Died,2
2,4,2,2,08/07/2020,,1.0,54.0,97,1.0,2.0,2.0,2.0,1.0,2.0,2.0,1.0,1.0,2.0,3,,Died,2020.0,8.0,51-60,Yes,Yes,No,No,Yes,No,Yes,Yes,4,Unknown,High,Died,2
2,4,1,1,9999-99-99,,2.0,44.0,2,2.0,2.0,2.0,2.0,2.0,2.0,2.0,2.0,2.0,2.0,7,,Survived,,,41-50,No,No,No,No,No,No,No,No,0,Unknown,Medium,Survived,4
1,12,2,2,9999-99-99,1.0,1.0,69.0,97,1.0,2.0,2.0,2.0,1.0,2.0,2.0,2.0,2.0,2.0,7,1.0,Survived,,,61-70,Yes,Yes,No,No,Yes,No,No,No,2,Yes,High,Survived,2
2,4,1,1,9999-99-99,,2.0,22.0,1,2.0,2.0,2.0,2.0,2.0,2.0,2.0,2.0,2.0,2.0,3,,Survived,,,19-30,No,No,No,No,No,No,No,No,0,Unknown,Low,Survived,4
2,12,1,1,9999-99-99,,2.0,42.0,2,2.0,2.0,2.0,2.0,2.0,2.0,2.0,2.0,2.0,2.0,4,,Survived,,,41-50,No,No,No,No,No,No,No,No,0,Unknown,Medium,Survived,4
1,12,1,2,9999-99-99,2.0,2.0,0.0,2,2.0,2.0,2.0,2.0,2.0,2.0,2.0,2.0,2.0,2.0,7,2.0,Survived,,,0-18,No,No,No,No,No,No,No,No,0,No,Low,Survived,2
2,12,1,1,9999-99-99,,2.0,66.0,2,1.0,2.0,2.0,2.0,1.0,2.0,2.0,2.0,2.0,2.0,3,,Survived,,,61-70,No,Yes,No,No,Yes,No,No,No,2,Unknown,High,Survived,4
1,4,2,2,14/05/2020,2.0,2.0,55.0,97,1.0,2.0,2.0,2.0,1.0,2.0,2.0,2.0,2.0,2.0,3,2.0,Died,,,51-60,No,Yes,No,No,Yes,No,No,No,2,No,High,Died,2
2,12,1,1,9999-99-99,,2.0,45.0,2,2.0,2.0,2.0,2.0,2.0,2.0,2.0,2.0,2.0,2.0,7,,Survived,,,41-50,No,No,No,No,No,No,No,No,0,Unknown,Medium,Survived,4
1,6,2,2,30/05/2020,2.0,1.0,54.0,97,2.0,2.0,2.0,2.0,1.0,2.0,2.0,2.0,2.0,2.0,7,2.0,Died,,,51-60,Yes,No,No,No,Yes,No,No,No,1,No,Medium,Died,2
1,12,1,2,30/05/2020,1.0,1.0,76.0,2,2.0,2.0,2.0,2.0,1.0,2.0,2.0,2.0,2.0,2.0,3,1.0,Died,,,71-80,Yes,No,No,No,Yes,No,No,No,1,Yes,High,Died,2
1,12,2,1,9999-99-99,,2.0,27.0,97,2.0,2.0,2.0,2.0,2.0,2.0,2.0,2.0,2.0,1.0,7,,Survived,,,19-30,No,No,No,No,No,No,No,No,0,Unknown,Low,Survived,4
1,4,2,2,9999-99-99,2.0,1.0,44.0,97,2.0,2.0,2.0,2.0,2.0,2.0,2.0,1.0,2.0,2.0,5,2.0,Survived,,,41-50,Yes,No,No,No,No,No,Yes,No,1,No,Medium,Survived,2
2,4,2,1,9999-99-99,,2.0,22.0,97,2.0,2.0,2.0,2.0,2.0,2.0,2.0,2.0,2.0,1.0,7,,Survived,,,19-30,No,No,No,No,No,No,No,No,0,Unknown,Low,Survived,4
2,10,2,2,07/07/2020,1.0,1.0,60.0,97,2.0,2.0,2.0,2.0,2.0,2.0,2.0,2.0,2.0,2.0,3,1.0,Died,2020.0,7.0,51-60,Yes,No,No,No,No,No,No,No,0,Yes,High,Died,0
2,12,1,1,9999-99-99,,2.0,41.0,2,1.0,2.0,2.0,2.0,2.0,2.0,2.0,2.0,2.0,2.0,7,,Survived,,,41-50,No,Yes,No,No,No,No,No,No,1,Unknown,Medium,Survived,4
1,12,2,1,9999-99-99,,2.0,48.0,97,2.0,2.0,2.0,2.0,1.0,2.0,2.0,2.0,2.0,2.0,5,,Survived,,,41-50,No,No,No,No,Yes,No,No,No,1,Unknown,Medium,Survived,4
2,12,2,1,9999-99-99,,2.0,10.0,97,2.0,2.0,2.0,2.0,2.0,2.0,2.0,2.0,2.0,2.0,7,,Survived,,,0-18,No,No,No,No,No,No,No,No,0,Unknown,Low,Survived,4
2,12,2,1,9999-99-99,,2.0,34.0,97,2.0,2.0,2.0,2.0,2.0,2.0,2.0,2.0,2.0,2.0,7,,Survived,,,31-40,No,No,No,No,No,No,No,No,0,Unknown,Low,Survived,4
1,6,1,1,9999-99-99,,2.0,49.0,2,2.0,2.0,2.0,2.0,1.0,2.0,2.0,1.0,2.0,1.0,6,,Survived,,,41-50,No,No,No,No,Yes,No,Yes,No,2,Unknown,High,Survived,4
2,4,2,2,30/05/2020,1.0,1.0,66.0,97,1.0,1.0,2.0,2.0,2.0,2.0,2.0,1.0,2.0,2.0,3,2.0,Died,,,61-70,Yes,Yes,Yes,No,No,No,Yes,No,3,Yes,High,Died,2
2,12,1,1,9999-99-99,,1.0,30.0,2,2.0,2.0,2.0,2.0,2.0,2.0,2.0,2.0,2.0,2.0,7,,Survived,,,19-30,Yes,No,No,No,No,No,No,No,0,Unknown,Low,Survived,4
2,12,1,1,9999-99-99,,2.0,34.0,2,2.0,2.0,2.0,2.0,2.0,2.0,2.0,2.0,2.0,1.0,5,,Survived,,,31-40,No,No,No,No,No,No,No,No,0,Unknown,Low,Survived,4
1,12,2,1,9999-99-99,,2.0,52.0,97,2.0,2.0,2.0,2.0,2.0,2.0,2.0,2.0,2.0,2.0,7,,Survived,,,51-60,No,No,No,No,No,No,No,No,0,Unknown,Medium,Survived,4
2,12,1,1,9999-99-99,,2.0,70.0,2,2.0,1.0,2.0,2.0,1.0,2.0,1.0,2.0,2.0,1.0,3,,Survived,,,61-70,No,No,Yes,No,Yes,Yes,No,No,3,Unknown,High,Survived,4
1,12,2,2,9999-99-99,2.0,2.0,65.0,97,2.0,2.0,2.0,2.0,1.0,2.0,2.0,2.0,2.0,2.0,3,2.0,Survived,,,61-70,No,No,No,No,Yes,No,No,No,1,No,High,Survived,2
1,12,1,1,9999-99-99,,2.0,78.0,2,1.0,1.0,2.0,2.0,1.0,2.0,2.0,1.0,2.0,1.0,3,,Survived,,,71-80,No,Yes,Yes,No,Yes,No,Yes,No,4,Unknown,High,Survived,4
1,12,1,1,9999-99-99,,2.0,63.0,2,1.0,2.0,1.0,2.0,1.0,2.0,2.0,2.0,1.0,2.0,3,,Survived,,,61-70,No,Yes,No,Yes,Yes,No,No,Yes,4,Unknown,High,Survived,4
2,12,1,1,9999-99-99,,2.0,4.0,2,2.0,2.0,2.0,2.0,2.0,2.0,2.0,2.0,2.0,2.0,7,,Survived,,,0-18,No,No,No,No,No,No,No,No,0,Unknown,Low,Survived,4
1,4,2,2,30/04/2020,2.0,1.0,41.0,97,2.0,2.0,2.0,2.0,1.0,2.0,2.0,1.0,2.0,2.0,1,2.0,Died,,,41-50,Yes,No,No,No,Yes,No,Yes,No,2,No,High,Died,2
1,6,2,1,9999-99-99,,2.0,43.0,97,2.0,2.0,2.0,2.0,2.0,2.0,2.0,2.0,2.0,2.0,6,,Survived,,,41-50,No,No,No,No,No,No,No,No,0,Unknown,Medium,Survived,4
2,9,1,1,9999-99-99,,2.0,52.0,2,2.0,2.0,2.0,2.0,2.0,2.0,2.0,2.0,2.0,2.0,7,,Survived,,,51-60,No,No,No,No,No,No,No,No,0,Unknown,Medium,Survived,4
1,4,1,2,9999-99-99,2.0,1.0,83.0,2,2.0,2.0,2.0,2.0,1.0,2.0,1.0,1.0,2.0,2.0,7,2.0,Survived,,,81+,Yes,No,No,No,Yes,Yes,Yes,No,3,No,High,Survived,2
1,4,1,2,9999-99-99,2.0,1.0,68.0,2,2.0,2.0,2.0,2.0,2.0,2.0,2.0,2.0,2.0,2.0,7,2.0,Survived,,,61-70,Yes,No,No,No,No,No,No,No,0,No,High,Survived,2
1,12,1,2,20/05/2020,2.0,2.0,63.0,2,1.0,1.0,2.0,2.0,1.0,2.0,1.0,1.0,2.0,1.0,7,2.0,Died,,,61-70,No,Yes,Yes,No,Yes,Yes,Yes,No,5,No,High,Died,2
2,4,2,1,9999-99-99,,2.0,74.0,97,2.0,2.0,2.0,2.0,2.0,2.0,2.0,2.0,2.0,2.0,7,,Survived,,,71-80,No,No,No,No,No,No,No,No,0,Unknown,High,Survived,4
1,4,2,2,17/07/2020,2.0,1.0,55.0,97,2.0,2.0,2.0,2.0,2.0,2.0,2.0,2.0,2.0,2.0,3,2.0,Died,,,51-60,Yes,No,No,No,No,No,No,No,0,No,Medium,Died,2
2,12,1,1,9999-99-99,,2.0,68.0,2,2.0,2.0,2.0,2.0,1.0,2.0,2.0,2.0,2.0,2.0,7,,Survived,,,61-70,No,No,No,No,Yes,No,No,No,1,Unknown,High,Survived,4
1,12,2,1,9999-99-99,,2.0,22.0,97,2.0,2.0,2.0,2.0,2.0,2.0,2.0,2.0,2.0,2.0,3,,Survived,,,19-30,No,No,No,No,No,No,No,No,0,Unknown,Low,Survived,4
2,12,1,1,9999-99-99,,2.0,52.0,2,1.0,2.0,2.0,2.0,2.0,2.0,2.0,2.0,2.0,2.0,7,,Survived,,,51-60,No,Yes,No,No,No,No,No,No,1,Unknown,Medium,Survived,4
2,9,1,1,9999-99-99,,2.0,50.0,2,2.0,2.0,2.0,2.0,2.0,2.0,2.0,2.0,2.0,2.0,6,,Survived,,,41-50,No,No,No,No,No,No,No,No,0,Unknown,Medium,Survived,4
2,4,2,1,9999-99-99,,2.0,38.0,97,2.0,2.0,2.0,2.0,2.0,2.0,2.0,2.0,2.0,2.0,7,,Survived,,,31-40,No,No,No,No,No,No,No,No,0,Unknown,Low,Survived,4
1,12,2,1,9999-99-99,,2.0,46.0,97,2.0,2.0,2.0,2.0,2.0,2.0,2.0,2.0,2.0,2.0,7,,Survived,,,41-50,No,No,No,No,No,No,No,No,0,Unknown,Medium,Survived,4
